시리즈,선형번호,프루드수_Fn,전저항_Rt/Δ×10³
Delft,Delft-1,0.099954117,0.367053553
Delft,Delft-1,0.149931176,1.012177978
Delft,Delft-1,0.199908234,1.924250442
Delft,Delft-1,0.249885293,3.525938671
Delft,Delft-1,0.300165243,6.028576529
Delft,Delft-1,0.350142301,10.07728844
Delft,Delft-1,0.400018396,23.04651396
Delft,Delft-1,0.449995455,48.38433192
Delft,Delft-1,0.500073477,83.64371863
Delft,Delft-1,0.549949572,114.9211304
Delft,Delft-1,0.599926631,131.8278395
Delft,Delft-2,0.099954117,0.389426578
Delft,Delft-2,0.149931176,1.03476205
Delft,Delft-2,0.199908234,1.936006416
Delft,Delft-2,0.249885293,3.282309728
Delft,Delft-2,0.300165243,5.808019248
Delft,Delft-2,0.350142301,9.657779132
Delft,Delft-2,0.400018396,24.38923025
Delft,Delft-2,0.449995455,52.7061057
Delft,Delft-2,0.500073477,90.62512792
Delft,Delft-2,0.549949572,116.8502263
Delft,Delft-2,0.599926631,132.8055895
Delft,Delft-3,0.099954117,0.523971282
Delft,Delft-3,0.124993128,0.847272711
Delft,Delft-3,0.149931176,1.17057414
Delft,Delft-3,0.174869223,1.58306217
Delft,Delft-3,0.199908234,2.408038231
Delft,Delft-3,0.225149173,3.12153104
Delft,Delft-3,0.249885293,4.035693701
Delft,Delft-3,0.300165243,7.079186465
Delft,Delft-3,0.35064712,12.07363613
Delft,Delft-3,0.400826106,24.96109999
Delft,Delft-3,0.448985817,50.24550141
Delft,Delft-3,0.499467695,87.96028537
Delft,Delft-3,0.549949572,123.7464091
Delft,Delft-3,0.600431449,140.5023418
Delft,Delft-3,0.65101429,150.5692794
Delft,Delft-4,0.099954117,0.405858591
Delft,Delft-4,0.149931176,0.91994614
Delft,Delft-4,0.199908234,2.178107772
Delft,Delft-4,0.249885293,3.706841799
Delft,Delft-4,0.300165243,6.412565739
Delft,Delft-4,0.350142301,10.89053886
Delft,Delft-4,0.400018396,23.59391276
Delft,Delft-4,0.449995455,47.49898378
Delft,Delft-4,0.500073477,80.60351619
Delft,Delft-4,0.549949572,107.2684256
Delft,Delft-4,0.599926631,123.9492137
Delft,Delft-5,0.099954117,0.312358075
Delft,Delft-5,0.149931176,0.979284775
Delft,Delft-5,0.199908234,1.815053678
Delft,Delft-5,0.249885293,3.368401941
Delft,Delft-5,0.300165243,5.841940209
Delft,Delft-5,0.350142301,10.18118481
Delft,Delft-5,0.400018396,23.40997139
Delft,Delft-5,0.449995455,50.47537646
Delft,Delft-5,0.500073477,93.87626463
Delft,Delft-5,0.549949572,139.5396383
Delft,Delft-5,0.599926631,162.6879043
Delft,Delft-6,0.099954117,0.191931918
Delft,Delft-6,0.149931176,0.901245527
Delft,Delft-6,0.199908234,1.844215384
Delft,Delft-6,0.249885293,3.221118272
Delft,Delft-6,0.30036717,5.7412678
Delft,Delft-6,0.351151939,9.688389413
Delft,Delft-6,0.401330925,24.27521516
Delft,Delft-6,0.449288708,55.93563672
Delft,Delft-6,0.500073477,103.1926128
Delft,Delft-6,0.550555354,151.9933891
Delft,Delft-6,0.600936268,179.9486902
Delft,Delft-6,0.651418145,191.414536
Delft,Delft-6,0.699476893,197.4812536
Delft,Delft-7,0.099954117,0.444574781
Delft,Delft-7,0.124993128,0.847470676
Delft,Delft-7,0.149931176,1.1670088
Delft,Delft-7,0.174869223,1.708834314
Delft,Delft-7,0.199706307,2.347910562
Delft,Delft-7,0.224947246,3.056451619
Delft,Delft-7,0.249885293,4.140102647
Delft,Delft-7,0.300165243,6.904802066
Delft,Delft-7,0.350849048,11.75344577
Delft,Delft-7,0.400826106,24.28489741
Delft,Delft-7,0.44878389,46.66645903
Delft,Delft-7,0.499467695,77.63387112
Delft,Delft-7,0.549747644,107.0452715
Delft,Delft-7,0.600229522,121.8829548
Delft,Delft-7,0.650408508,130.4965912
Delft,Delft-10,0.099954117,0.333685048
Delft,Delft-10,0.149931176,1.056669318
Delft,Delft-10,0.199908234,1.990987452
Delft,Delft-10,0.249885293,3.559307176
Delft,Delft-10,0.30036717,6.551349771
Delft,Delft-10,0.351151939,11.36753729
Delft,Delft-10,0.401330925,27.08410304
Delft,Delft-10,0.449288708,52.68886904
Delft,Delft-10,0.500073477,90.09496289
Delft,Delft-10,0.550555354,122.1287275
Delft,Delft-10,0.600936268,136.8442381
Delft,Delft-10,0.651418145,145.2975926
Delft,Delft-11,0.099954117,0.366973556
Delft,Delft-11,0.149931176,1.056439025
Delft,Delft-11,0.199706307,2.079516818
Delft,Delft-11,0.249885293,3.569651865
Delft,Delft-11,0.300165243,6.783450584
Delft,Delft-11,0.350142301,11.40954147
Delft,Delft-11,0.400018396,24.2091343
Delft,Delft-11,0.449995455,51.65430814
Delft,Delft-11,0.500073477,88.94104553
Delft,Delft-11,0.549949572,122.2800371
Delft,Delft-11,0.599926631,146.5002918
Delft,Delft-12,0.099954117,0.271651991
Delft,Delft-12,0.149931176,0.950781968
Delft,Delft-12,0.199908234,1.983059533
Delft,Delft-12,0.224947246,2.811598105
Delft,Delft-12,0.249885293,3.667301876
Delft,Delft-12,0.277650325,5.120640028
Delft,Delft-12,0.30036717,6.669056375
Delft,Delft-12,0.325608109,8.828689703
Delft,Delft-12,0.350849048,11.9255224
Delft,Delft-12,0.376089986,17.57588381
Delft,Delft-12,0.401330925,26.18725192
Delft,Delft-12,0.42404777,36.17046258
Delft,Delft-12,0.449288708,50.78533969
Delft,Delft-12,0.474731575,66.44607696
Delft,Delft-12,0.500073477,81.93024044
Delft,Delft-12,0.550252463,107.9001708
Delft,Delft-14,0.099954117,0.380262175
Delft,Delft-14,0.149931176,1.072882565
Delft,Delft-14,0.199908234,2.00995721
Delft,Delft-14,0.249885293,3.340874823
Delft,Delft-14,0.30036717,5.500220744
Delft,Delft-14,0.351151939,9.886816548
Delft,Delft-14,0.401330925,26.17018611
Delft,Delft-14,0.449288708,51.11810094
Delft,Delft-14,0.500073477,86.79484143
Delft,Delft-14,0.550252463,112.8156388
Delft,Delft-14,0.600936268,128.406388
Delft,Delft-14,0.651216218,139.2302792
Delft,Delft-14,0.699174001,144.8798886
Delft,Delft-15,0.099954117,0.296794193
Delft,Delft-15,0.124993128,0.582596008
Delft,Delft-15,0.149931176,0.956336843
Delft,Delft-15,0.174869223,1.341070056
Delft,Delft-15,0.199908234,1.802749911
Delft,Delft-15,0.224947246,2.407330674
Delft,Delft-15,0.249885293,3.231758987
Delft,Delft-15,0.30036717,5.276341202
Delft,Delft-15,0.351151939,10.00306353
Delft,Delft-15,0.401330925,25.81010238
Delft,Delft-15,0.449288708,54.54417718
Delft,Delft-15,0.500073477,92.19307014
Delft,Delft-15,0.550252463,125.1921874
Delft,Delft-15,0.600936268,143.9122063
Delft,Delft-15,0.651418145,153.7723689
Delft,Delft-16,0.099954117,0.100228357
Delft,Delft-16,0.149931176,0.768417407
Delft,Delft-16,0.199908234,1.520130089
Delft,Delft-16,0.249885293,2.756279831
Delft,Delft-16,0.30036717,4.54368554
Delft,Delft-16,0.351151939,8.895266728
Delft,Delft-16,0.401330925,27.89689284
Delft,Delft-16,0.449288708,62.36709545
Delft,Delft-16,0.500073477,109.8753369
Delft,Delft-16,0.550252463,144.8383289
Delft,Delft-16,0.600936268,165.97816
Delft,Delft-16,0.651216218,177.8301633
Delft,Delft-16,0.698972074,182.0314019
Delft,Delft-17,0.099954117,0.133707206
Delft,Delft-17,0.149931176,0.880239108
Delft,Delft-17,0.199908234,1.738193682
Delft,Delft-17,0.249885293,3.799513112
Delft,Delft-17,0.30036717,7.275900476
Delft,Delft-17,0.351151939,13.71613091
Delft,Delft-17,0.401330925,28.01165972
Delft,Delft-17,0.449288708,50.96473014
Delft,Delft-17,0.500073477,88.70358911
Delft,Delft-17,0.550555354,121.5509928
Delft,Delft-17,0.600936268,135.7239567
Delft,Delft-17,0.651418145,144.1252261
Delft,Delft-17,0.699476893,152.8273368
Delft,Delft-18,0.09975219,0.044559338
Delft,Delft-18,0.149931176,0.646110406
Delft,Delft-18,0.199908234,1.682115022
Delft,Delft-18,0.249885293,3.542467398
Delft,Delft-18,0.30036717,6.97353645
Delft,Delft-18,0.351151939,11.90848317
Delft,Delft-18,0.401330925,24.0286232
Delft,Delft-18,0.449288708,51.59971379
Delft,Delft-18,0.500073477,91.61399962
Delft,Delft-18,0.550555354,130.0241493
Delft,Delft-18,0.600936268,148.5274145
Delft,Delft-20,0.099954117,0.523572225
Delft,Delft-20,0.149931176,1.125123293
Delft,Delft-20,0.199908234,2.205687248
Delft,Delft-20,0.249885293,3.631586074
Delft,Delft-20,0.300165243,6.461104059
Delft,Delft-20,0.350142301,11.25123293
Delft,Delft-20,0.400018396,26.86928102
Delft,Delft-20,0.449995455,54.85254549
Delft,Delft-20,0.500073477,94.64403463
Delft,Delft-20,0.549949572,130.6925393
Delft,Delft-20,0.599926631,150.8890594
Delft,Delft-21,0.099954117,0.46046147
Delft,Delft-21,0.149931176,1.029266816
Delft,Delft-21,0.199908234,2.112705569
Delft,Delft-21,0.249885293,4.022266372
Delft,Delft-21,0.300165243,7.015265928
Delft,Delft-21,0.350142301,12.41891671
Delft,Delft-21,0.400018396,24.72948954
Delft,Delft-21,0.449995455,46.22220581
Delft,Delft-21,0.500073477,79.80880716
Delft,Delft-21,0.549949572,108.4928482
Delft,Delft-21,0.599926631,124.3787689
Delft,Delft-22,0.099954117,0.066639039
Delft,Delft-22,0.149931176,0.733029431
Delft,Delft-22,0.199908234,1.765934537
Delft,Delft-22,0.249885293,3.281972678
Delft,Delft-22,0.300165243,6.780522233
Delft,Delft-22,0.350142301,12.16162464
Delft,Delft-22,0.400018396,23.62353938
Delft,Delft-22,0.449995455,48.00509783
Delft,Delft-22,0.500073477,94.07766352
Delft,Delft-22,0.549949572,141.2830929
Delft,Delft-22,0.599926631,163.9153765
Delft,Delft-23,0.100055082,0.434316735
Delft,Delft-23,0.149931177,1.085791838
Delft,Delft-23,0.2000092,1.96719933
Delft,Delft-23,0.250592041,3.563952032
Delft,Delft-23,0.300468136,6.042112227
Delft,Delft-23,0.349940376,10.53856784
Delft,Delft-23,0.399614544,24.83269803
Delft,Delft-23,0.449490639,50.55957758
Delft,Delft-23,0.501184082,83.81035586
Delft,Delft-23,0.55085825,107.5700361
Delft,Delft-23,0.600532418,123.3076307
Delft,Delft-23,0.650408513,132.1217056
Delft,Delft-23,0.70008268,139.453994
Delft,Delft-23,0.749958776,144.2825742
Delft,Delft-24,0.100055082,0.953952724
Delft,Delft-24,0.124892166,1.635347527
Delft,Delft-24,0.149931177,2.453021291
Delft,Delft-24,0.174768261,3.441043755
Delft,Delft-24,0.2000092,4.633484661
Delft,Delft-24,0.250390114,7.836040235
Delft,Delft-24,0.300064281,11.95847879
Delft,Delft-24,0.349435558,18.12510176
Delft,Delft-24,0.399109725,29.98137133
Delft,Delft-24,0.449086784,48.75379816
Delft,Delft-24,0.500780227,67.66250394
Delft,Delft-24,0.550454395,81.39260922
Delft,Delft-24,0.60033049,95.56562113
Delft,Delft-24,0.650206585,107.1493328
Delft,Delft-24,0.699880753,118.0857194
Delft,Delft-24,0.748848174,128.7154783
Delft,Delft-24,0.800137762,140.6058176
Delft,Delft-24,0.850215785,153.9952255
Delft,Delft-24,0.900192844,168.4067256
Delft,Delft-24,0.950169903,183.7721784
Delft,Delft-24,1.000146962,200.1597234
Delft,Delft-24,1.050124021,217.4671514
Delft,Delft-24,1.100202043,235.1152768
Delft,Delft-24,1.150179102,252.4227048
Delft,Delft-25,0.089352924,0.441882243
Delft,Delft-25,0.134079867,1.016329158
Delft,Delft-25,0.178806811,1.877999531
Delft,Delft-25,0.223533755,3.512963828
Delft,Delft-25,0.268462626,5.633998593
Delft,Delft-25,0.313088606,8.550421393
Delft,Delft-25,0.357815549,13.80882008
Delft,Delft-25,0.402542493,24.98844082
Delft,Delft-25,0.447269437,44.07775369
Delft,Delft-25,0.491895417,62.15073742
Delft,Delft-25,0.500073481,64.95668966
Delft,Delft-25,0.53662236,76.8875102
Delft,Delft-25,0.549949576,80.82026216
Delft,Delft-25,0.599825671,93.59065897
Delft,Delft-25,0.650004658,103.2899742
Delft,Delft-25,0.699880753,111.4647957
Delft,Delft-25,0.749958776,119.5512407
Delft,Delft-26,0.09975219,1.189491131
Delft,Delft-26,0.149931177,3.103020343
Delft,Delft-26,0.199807272,5.895738651
Delft,Delft-26,0.249885295,9.619363062
Delft,Delft-26,0.29976139,14.4807616
Delft,Delft-26,0.349940376,21.10053833
Delft,Delft-26,0.399816472,32.37484558
Delft,Delft-26,0.449894494,48.9242874
Delft,Delft-26,0.499871553,64.02565307
Delft,Delft-26,0.549949576,78.14439563
Delft,Delft-26,0.599825671,91.38394909
Delft,Delft-26,0.650004658,103.5891624
Delft,Delft-26,0.699880753,116.0529608
Delft,Delft-26,0.749958776,127.7410041
Delft,Delft-27,0.100055082,0.385535034
Delft,Delft-27,0.149931177,0.950986416
Delft,Delft-27,0.2000092,1.837716993
Delft,Delft-27,0.250592041,3.084280268
Delft,Delft-27,0.300468136,5.294681127
Delft,Delft-27,0.349738449,8.828752268
Delft,Delft-27,0.399614544,23.76180923
Delft,Delft-27,0.449490639,52.23999704
Delft,Delft-27,0.501184082,83.81531629
Delft,Delft-27,0.55085825,103.3876448
Delft,Delft-27,0.600532418,116.7528593
Delft,Delft-27,0.65061044,125.8900396
Delft,Delft-27,0.70008268,130.9148462
Delft,Delft-27,0.750160703,132.7782656
Delft,Delft-28,0.100055082,0.803160661
Delft,Delft-28,0.149931177,1.920601582
Delft,Delft-28,0.2000092,3.631682991
Delft,Delft-28,0.250592041,6.076085004
Delft,Delft-28,0.300266209,9.56808788
Delft,Delft-28,0.349940376,14.35213182
Delft,Delft-28,0.399614544,24.93290053
Delft,Delft-28,0.449490639,42.11355468
Delft,Delft-28,0.501184082,57.96724774
Delft,Delft-28,0.550656322,71.13209858
Delft,Delft-28,0.600532418,82.51602796
Delft,Delft-28,0.650408513,93.27139681
Delft,Delft-28,0.70008268,102.9791648
Delft,Delft-28,0.749958776,112.4774126
Delft,Delft-28,0.80033969,121.8709004
Delft,Delft-28,0.850013857,132.0675488
Delft,Delft-28,0.90009188,143.241958
Delft,Delft-28,0.95037183,156.7909291
Delft,Delft-28,0.999945034,171.247821
Delft,Delft-28,1.050124021,189.476076
Delft,Delft-28,1.100303007,208.4376517
Delft,Delft-29,0.099348335,0.732039821
Delft,Delft-29,0.149022503,2.066935965
Delft,Delft-29,0.200917873,4.176933097
Delft,Delft-29,0.250592041,7.148153547
Delft,Delft-29,0.300266209,11.36814781
Delft,Delft-29,0.349940376,16.92303822
Delft,Delft-29,0.399614544,27.21465688
Delft,Delft-29,0.449288712,43.79320577
Delft,Delft-29,0.49896288,58.64930802
Delft,Delft-29,0.55085825,72.81643161
Delft,Delft-29,0.600532418,86.85437171
Delft,Delft-29,0.650206585,100.5478225
Delft,Delft-29,0.699880753,110.5810741
Delft,Delft-29,0.749554921,120.8296316
Delft,Delft-31,0.089352924,0.877823932
Delft,Delft-31,0.134079867,2.633471795
Delft,Delft-31,0.178604883,5.078838462
Delft,Delft-31,0.223533755,8.464730771
Delft,Delft-31,0.268462626,12.72844701
Delft,Delft-31,0.313088606,18.43430257
Delft,Delft-31,0.357815549,25.39419231
Delft,Delft-31,0.402542493,34.6113436
Delft,Delft-31,0.447269437,47.9668077
Delft,Delft-31,0.491895417,62.26279745
Delft,Delft-31,0.53662236,75.49285813
Delft,Delft-31,0.581349304,88.34670856
Delft,Delft-31,0.626076248,102.0783829
Delft,Delft-31,0.670702228,117.1894949
Delft,Delft-31,0.699880753,125.0272086
Delft,Delft-31,0.749554921,137.881059
Delft,Delft-33,0.099348335,0.904284485
Delft,Delft-33,0.149022503,2.454486459
Delft,Delft-33,0.200917873,4.56448359
Delft,Delft-33,0.250592041,7.234275879
Delft,Delft-33,0.300266209,11.15284198
Delft,Delft-33,0.349940376,17.56895571
Delft,Delft-33,0.399614544,28.03281903
Delft,Delft-33,0.449288712,42.54443195
Delft,Delft-33,0.49896288,56.32400505
Delft,Delft-33,0.55085825,70.01745583
Delft,Delft-33,0.600532418,83.53866193
Delft,Delft-33,0.650206585,98.56700885
Delft,Delft-33,0.699880753,109.2031168
Delft,Delft-33,0.751776123,118.2459617
Delft,Delft-35,0.099348335,1.320973467
Delft,Delft-35,0.149022503,2.599334887
Delft,Delft-35,0.198696671,4.857773396
Delft,Delft-35,0.250592041,8.138901041
Delft,Delft-35,0.300266209,12.44271782
Delft,Delft-35,0.349940376,19.00497311
Delft,Delft-35,0.401835747,29.57276085
Delft,Delft-35,0.449288712,44.0182449
Delft,Delft-35,0.49896288,57.95238438
Delft,Delft-35,0.55085825,69.88375763
Delft,Delft-35,0.600532418,83.69006097
Delft,Delft-35,0.650206585,98.00770887
Delft,Delft-35,0.699880753,108.7459448
Delft,Delft-36,0.099348335,1.1495661
Delft,Delft-36,0.149022503,2.426861767
Delft,Delft-36,0.200917873,4.640840923
Delft,Delft-36,0.250592041,7.621197478
Delft,Delft-36,0.300266209,11.62339057
Delft,Delft-36,0.349940376,17.37122107
Delft,Delft-36,0.399614544,27.37670379
Delft,Delft-36,0.449288712,41.42695612
Delft,Delft-36,0.49896288,56.58419804
Delft,Delft-36,0.55085825,69.91064949
Delft,Delft-36,0.600532418,82.59845312
Delft,Delft-36,0.650206585,96.90416458
Delft,Delft-36,0.699880753,108.6978612
Delft,Delft-36,0.749554921,119.1291092
Delft,Delft-37,0.099348335,1.106528329
Delft,Delft-37,0.149022503,2.553526912
Delft,Delft-37,0.198696671,4.468672097
Delft,Delft-37,0.250592041,7.447786828
Delft,Delft-37,0.300266209,11.40575354
Delft,Delft-37,0.349940376,17.27886544
Delft,Delft-37,0.401835747,26.89715014
Delft,Delft-37,0.449288712,41.70760624
Delft,Delft-37,0.49896288,54.43268202
Delft,Delft-37,0.55085825,68.51963882
Delft,Delft-37,0.600532418,82.22356658
Delft,Delft-37,0.650206585,96.31052338
Delft,Delft-37,0.699880753,107.4183654
Delft,Delft-38,0.100055082,1.250883121
Delft,Delft-38,0.149931177,3.235042554
Delft,Delft-38,0.200211127,6.340683405
Delft,Delft-38,0.250592041,10.91287688
Delft,Delft-38,0.300266209,16.26148057
Delft,Delft-38,0.349940376,24.1118505
Delft,Delft-38,0.399614544,37.18142242
Delft,Delft-38,0.449490639,54.95258951
Delft,Delft-38,0.50138601,73.80210413
Delft,Delft-38,0.550656322,89.15777278
Delft,Delft-38,0.600532418,103.6507634
Delft,Delft-38,0.650408513,115.9439251
Delft,Delft-38,0.70008268,126.4685969
Delft,Delft-38,0.749958776,135.56985
Delft,Delft-39,0.100055082,0.990824537
Delft,Delft-39,0.149931177,2.24012504
Delft,Delft-39,0.2000092,4.135615458
Delft,Delft-39,0.250592041,6.677295792
Delft,Delft-39,0.300670064,10.16672133
Delft,Delft-39,0.349738449,15.12084402
Delft,Delft-39,0.399614544,25.02908939
Delft,Delft-39,0.449490639,39.37450551
Delft,Delft-39,0.501184082,54.02147692
Delft,Delft-39,0.550656322,66.08368867
Delft,Delft-39,0.60033049,76.72428261
Delft,Delft-39,0.650408513,88.5280184
Delft,Delft-39,0.699880753,99.64248494
Delft,Delft-39,0.749958776,109.0337784
Delft,Delft-42,0.099853181,0.328462757
Delft,Delft-42,0.149931217,0.911219261
Delft,Delft-42,0.200009253,1.727078366
Delft,Delft-42,0.249784397,3.062120539
Delft,Delft-42,0.300064361,5.467315565
Delft,Delft-42,0.350142397,8.847303288
Delft,Delft-42,0.399917542,23.18311329
Delft,Delft-42,0.449995578,51.1448299
Delft,Delft-42,0.499770722,89.09817167
Delft,Delft-42,0.550050686,116.2122425
Delft,Delft-42,0.599926794,135.0511709
Delft,Delft-42,0.649903866,146.557963
Delft,Delft-42,0.699981902,154.7801275
Delft,Delft-42,0.749958975,160.9361553
Delft,Delft-43,0.099853181,0.556145969
Delft,Delft-43,0.149931217,1.365085561
Delft,Delft-43,0.200009253,2.490017181
Delft,Delft-43,0.249784397,4.322770944
Delft,Delft-43,0.300064361,7.406853137
Delft,Delft-43,0.350142397,12.43744622
Delft,Delft-43,0.399917542,25.46895746
Delft,Delft-43,0.449995578,49.29475637
Delft,Delft-43,0.499770722,83.27021923
Delft,Delft-43,0.550050686,108.9414116
Delft,Delft-43,0.599926794,127.8250952
Delft,Delft-43,0.649903866,139.6558367
Delft,Delft-43,0.699981902,150.0330149
Delft,Delft-43,0.749958975,157.8569775
Delft,Delft-44,0.099853181,0.467321241
Delft,Delft-44,0.149931217,1.136727343
Delft,Delft-44,0.200009253,2.071369825
Delft,Delft-44,0.249784397,3.485963852
Delft,Delft-44,0.350142397,9.889527885
Delft,Delft-44,0.399917542,22.55772261
Delft,Delft-44,0.449995578,49.11925153
Delft,Delft-44,0.499770722,82.71585967
Delft,Delft-44,0.550050686,105.6651217
Delft,Delft-44,0.599926794,122.8675955
Delft,Delft-44,0.649903866,134.2853901
Delft,Delft-44,0.699981902,139.7416814
Delft,Delft-44,0.749958975,149.7954032
Delft,Delft-45,0.099853181,0.353604789
Delft,Delft-45,0.149931217,0.896640716
Delft,Delft-45,0.200009253,1.944826341
Delft,Delft-45,0.249784397,3.182443103
Delft,Delft-45,0.300064361,5.619790401
Delft,Delft-45,0.350142397,8.713832307
Delft,Delft-45,0.399917542,24.1714131
Delft,Delft-45,0.449995578,49.88353277
Delft,Delft-45,0.499770722,81.82162249
Delft,Delft-45,0.550050686,103.9219218
Delft,Delft-45,0.599926794,117.6619936
Delft,Delft-45,0.649903866,127.891275
Delft,Delft-45,0.699981902,135.8600115
Delft,Delft-45,0.749958975,139.5602331
Delft,Delft-46,0.099853181,0.683696688
Delft,Delft-46,0.149931217,1.462792913
Delft,Delft-46,0.200009253,2.559887598
Delft,Delft-46,0.249784397,4.197579664
Delft,Delft-46,0.350142397,11.54334408
Delft,Delft-46,0.399917542,23.61138561
Delft,Delft-46,0.449995578,46.18927622
Delft,Delft-46,0.499770722,72.98064643
Delft,Delft-46,0.550050686,92.07645391
Delft,Delft-46,0.599926794,107.9127772
Delft,Delft-46,0.649903866,119.0745231
Delft,Delft-46,0.699981902,128.2964784
Delft,Delft-46,0.750059938,135.9284415
Delft,Delft-47,0.099853181,0.636706998
Delft,Delft-47,0.124993162,1.022082286
Delft,Delft-47,0.149931217,1.407457575
Delft,Delft-47,0.174768307,1.943631889
Delft,Delft-47,0.200009253,2.630605229
Delft,Delft-47,0.249784397,4.30614996
Delft,Delft-47,0.300064361,7.238353241
Delft,Delft-47,0.350142397,11.56125865
Delft,Delft-47,0.397494411,21.43021712
Delft,Delft-47,0.449995578,43.12852139
Delft,Delft-47,0.499770722,68.16115968
Delft,Delft-47,0.550050686,86.17326555
Delft,Delft-47,0.599926794,103.2470664
Delft,Delft-47,0.649903866,115.0596567
Delft,Delft-47,0.699981902,124.6940389
Delft,Delft-48,0.099853181,0.538444636
Delft,Delft-48,0.149931217,1.321636833
Delft,Delft-48,0.200009253,2.545374641
Delft,Delft-48,0.249784397,4.470722126
Delft,Delft-48,0.300064361,7.848238477
Delft,Delft-48,0.350142397,12.98793727
Delft,Delft-48,0.399917542,26.64485121
Delft,Delft-48,0.449995578,49.74902103
Delft,Delft-48,0.499770722,76.62230331
Delft,Delft-48,0.550050686,95.69629661
Delft,Delft-48,0.599926794,111.2296085
Delft,Delft-48,0.649903866,121.9495517
Delft,Delft-48,0.699981902,129.6509417
Delft,Delft-48,0.750059938,136.2264928
Delft,Delft-49,0.09975219,0.498920575
Delft,Delft-49,0.149931177,1.324720149
Delft,Delft-49,0.199807272,2.632236139
Delft,Delft-49,0.250390114,4.576305968
Delft,Delft-49,0.300266209,7.965525049
Delft,Delft-49,0.349738449,12.98913912
Delft,Delft-49,0.399109725,23.36324626
Delft,Delft-49,0.449288712,44.78242268
Delft,Delft-49,0.500982155,68.98867267
Delft,Delft-49,0.550454395,86.15842213
Delft,Delft-49,0.600027599,103.3453757
Delft,Delft-49,0.649701766,115.5087153
Delft,Delft-49,0.699174007,124.7129397
Delft,Delft-49,0.749050102,132.489219
Delft,Delft-50,0.099550263,0.618828489
Delft,Delft-50,0.149931177,1.426743461
Delft,Delft-50,0.199908236,2.647210758
Delft,Delft-50,0.250390114,4.589644626
Delft,Delft-50,0.300165245,7.649407711
Delft,Delft-50,0.349940376,12.84069115
Delft,Delft-50,0.399614544,24.08274203
Delft,Delft-50,0.449288712,46.37775731
Delft,Delft-50,0.501184082,74.34536708
Delft,Delft-50,0.550656322,94.71513817
Delft,Delft-50,0.60033049,114.2769943
Delft,Delft-50,0.650105621,126.498857
Delft,Delft-50,0.699678825,134.990559
Delft,Delft-60,0.10005499,0.663684232
Delft,Delft-60,0.124993015,1.061894772
Delft,Delft-60,0.150032004,1.504350927
Delft,Delft-60,0.174970029,2.05742112
Delft,Delft-60,0.200009017,2.632614121
Delft,Delft-60,0.225048006,3.517526431
Delft,Delft-60,0.249986031,4.579421203
Delft,Delft-60,0.275025019,5.420087897
Delft,Delft-60,0.300064008,7.035052862
Delft,Delft-60,0.325002033,8.937614328
Delft,Delft-60,0.350041021,11.85782495
Delft,Delft-60,0.374979046,15.77356192
Delft,Delft-60,0.400018035,23.11833409
Delft,Delft-60,0.425057023,33.64879058
Delft,Delft-60,0.449995048,43.69254529
Delft,Delft-60,0.475034036,55.68310709
Delft,Delft-60,0.500073025,66.10294954
Delft,Delft-60,0.52501105,73.97866909
Delft,Delft-60,0.550050038,82.2968448
Delft,Delft-60,0.575089027,90.39379244
Delft,Delft-60,0.600027052,96.78728388
Delft,Delft-61,0.099949216,0.619170976
Delft,Delft-61,0.124986999,1.105662458
Delft,Delft-61,0.149923823,1.658493687
Delft,Delft-61,0.174961607,2.277664664
Delft,Delft-61,0.199898431,2.764156145
Delft,Delft-61,0.224936214,3.781365606
Delft,Delft-61,0.249873039,4.842801566
Delft,Delft-61,0.274910822,5.815784529
Delft,Delft-61,0.299847647,7.761750455
Delft,Delft-61,0.32488543,9.774056129
Delft,Delft-61,0.349822254,12.44975928
Delft,Delft-61,0.374860038,16.78395611
Delft,Delft-61,0.399796862,24.74472581
Delft,Delft-61,0.424834646,33.50157248
Delft,Delft-61,0.44977147,46.150351
Delft,Delft-61,0.474809253,55.68116139
Delft,Delft-61,0.499746078,67.90978817
Delft,Delft-61,0.524783861,76.2464831
Delft,Delft-61,0.549720686,84.95910327
Delft,Delft-61,0.574758469,93.40636445
Delft,Delft-61,0.599695293,100.1066789
Delft,Delft-62,0.100050174,0.57619205
Delft,Delft-62,0.124986999,0.952933006
Delft,Delft-62,0.150024782,1.39615766
Delft,Delft-62,0.174961607,1.994510942
Delft,Delft-62,0.19999939,2.526380527
Delft,Delft-62,0.225037173,3.36850737
Delft,Delft-62,0.249973998,4.387924073
Delft,Delft-62,0.275011781,5.495985708
Delft,Delft-62,0.300049564,6.648369808
Delft,Delft-62,0.324986389,8.864493078
Delft,Delft-62,0.350024172,11.01413265
Delft,Delft-62,0.374960997,15.24692809
Delft,Delft-62,0.39999878,23.31361679
Delft,Delft-62,0.425036563,33.64075123
Delft,Delft-62,0.449973388,44.87649621
Delft,Delft-62,0.475011171,55.3809205
Delft,Delft-62,0.500048954,65.64157124
Delft,Delft-62,0.524985779,73.57529254
Delft,Delft-62,0.550023562,81.57549755
Delft,Delft-62,0.575061345,89.75299241
Delft,Delft-62,0.59999817,96.66729701
Delft,Delft-71,0.148805693,0.996606346
Delft,Delft-71,0.175659367,1.395248884
Delft,Delft-71,0.200191106,2.0153595
Delft,Delft-71,0.224419984,2.524736077
Delft,Delft-71,0.249658399,3.410608384
Delft,Delft-71,0.274291091,5.049472153
Delft,Delft-71,0.299125691,7.020538038
Delft,Delft-71,0.323253616,9.190925191
Delft,Delft-71,0.348088216,11.64922084
Delft,Delft-71,0.372922816,15.59135261
Delft,Delft-71,0.397757416,22.67833107
Delft,Delft-71,0.422592016,31.93569669
Delft,Delft-71,0.447426616,42.61045799
Delft,Delft-71,0.471756448,52.95301719
Delft,Delft-71,0.496893909,61.21377645
Delft,Delft-71,0.523747583,70.2718208
Delft,Delft-71,0.548077414,76.78298226
Delft,Delft-71,0.573113922,82.51900545
Delft,Delft-71,0.597948522,88.16644141
Delft,Delft-71,0.622783122,92.57365614
Delft,Delft-71,0.647213907,97.44595383
Delft,Delft-71,0.672048508,101.1444707
Delft,Delft-71,0.695772617,105.8617408
Delft,Delft-71,0.721414847,107.5448981
Delft,Delft-71,0.74604754,112.8379852
Delft,Delft-72,0.148206778,1.065026187
Delft,Delft-72,0.175309173,1.927190244
Delft,Delft-72,0.199792005,2.789354301
Delft,Delft-72,0.223670324,3.854380488
Delft,Delft-72,0.248959176,5.223699872
Delft,Delft-72,0.273744265,6.897312452
Delft,Delft-72,0.298327851,8.925933762
Delft,Delft-72,0.322609179,11.05598614
Delft,Delft-72,0.347394268,14.35249576
Delft,Delft-72,0.372179358,17.39542773
Delft,Delft-72,0.396964448,21.60481695
Delft,Delft-72,0.421749538,27.28495661
Delft,Delft-72,0.446333123,33.16795841
Delft,Delft-72,0.471118213,39.30453787
Delft,Delft-72,0.495903303,44.73109987
Delft,Delft-72,0.522401184,50.61410167
Delft,Delft-72,0.547186274,55.63493941
Delft,Delft-72,0.571568354,59.74289756
Delft,Delft-72,0.596554949,65.87947702
Delft,Delft-72,0.621340039,70.69745263
Delft,Delft-72,0.646125129,75.46471271
Delft,Delft-72,0.670507209,79.1669466
Delft,Delft-72,0.694990042,84.18778434
Delft,Delft-72,0.719573627,89.05647549
Delft,Delft-72,0.744560222,93.5701579
Delft,Delft-73,0.148286106,1.192581285
Delft,Delft-73,0.175641814,1.964251528
Delft,Delft-73,0.199969215,2.770997691
Delft,Delft-73,0.224094729,3.647895694
Delft,Delft-73,0.249229678,5.19123618
Delft,Delft-73,0.274061796,6.348741545
Delft,Delft-73,0.298893915,8.628676353
Delft,Delft-73,0.323221316,10.55785196
Delft,Delft-73,0.348255321,12.76763493
Delft,Delft-73,0.372885553,16.45060654
Delft,Delft-73,0.397717671,22.09782969
Delft,Delft-73,0.422347903,28.16596387
Delft,Delft-73,0.447180021,36.89986798
Delft,Delft-73,0.471709309,44.54641857
Delft,Delft-73,0.497954638,51.42129892
Delft,Delft-73,0.523695249,58.71709031
Delft,Delft-73,0.548022649,64.43446529
Delft,Delft-73,0.572854768,70.04661251
Delft,Delft-73,0.597484999,75.44830421
Delft,Delft-73,0.622519005,80.56938855
Delft,Delft-73,0.647149236,86.18153577
Delft,Delft-73,0.671779468,90.39064619
Delft,Delft-73,0.696611587,95.82741381
Delft,Delft-73,0.721140874,100.7029667
Delft,Delft-73,0.745972993,103.193357
Il Moro di Venezia,Il Moro di Venezia-IACC2,0.189088718,2.477608268
Il Moro di Venezia,Il Moro di Venezia-IACC2,0.226906461,3.83202664
Il Moro di Venezia,Il Moro di Venezia-IACC2,0.264724205,5.623105374
Il Moro di Venezia,Il Moro di Venezia-IACC2,0.302541948,8.312712426
Il Moro di Venezia,Il Moro di Venezia-IACC2,0.340359692,11.8961519
Il Moro di Venezia,Il Moro di Venezia-IACC2,0.378177435,19.20004602
Il Moro di Venezia,Il Moro di Venezia-IACC2,0.491630666,61.24582945
Il Moro di Venezia,Il Moro di Venezia-IACC2,0.64290164,100.9701259
Il Moro di Venezia,Il Moro di Venezia-IACC3,0.189693158,2.723486233
Il Moro di Venezia,Il Moro di Venezia-IACC3,0.22763179,4.102502774
Il Moro di Venezia,Il Moro di Venezia-IACC3,0.265570422,5.953278453
Il Moro di Venezia,Il Moro di Venezia-IACC3,0.303509053,8.597717824
Il Moro di Venezia,Il Moro di Venezia-IACC3,0.341447685,12.01052759
Il Moro di Venezia,Il Moro di Venezia-IACC3,0.379386317,18.87859657
Il Moro di Venezia,Il Moro di Venezia-IACC3,0.493202211,57.99699265
Il Moro di Venezia,Il Moro di Venezia-IACC3,0.644956738,96.26252403
Il Moro di Venezia,Il Moro di Venezia-IACC4,0.189189056,2.277621379
Il Moro di Venezia,Il Moro di Venezia-IACC4,0.227026868,3.585398068
Il Moro di Venezia,Il Moro di Venezia-IACC4,0.264864679,5.291218716
Il Moro di Venezia,Il Moro di Venezia-IACC4,0.30270249,8.22636322
Il Moro di Venezia,Il Moro di Venezia-IACC4,0.340540302,11.89030618
Il Moro di Venezia,Il Moro di Venezia-IACC4,0.378378113,18.57888393
Il Moro di Venezia,Il Moro di Venezia-IACC4,0.491891547,58.92444354
Il Moro di Venezia,Il Moro di Venezia-IACC4,0.567567169,81.70946805
Il Moro di Venezia,Il Moro di Venezia-IACC5,0.189541505,2.625016781
Il Moro di Venezia,Il Moro di Venezia-IACC5,0.227449806,3.963719786
Il Moro di Venezia,Il Moro di Venezia-IACC5,0.265358107,5.811950927
Il Moro di Venezia,Il Moro di Venezia-IACC5,0.303266408,8.311540245
Il Moro di Venezia,Il Moro di Venezia-IACC5,0.341174709,12.01883111
Il Moro di Venezia,Il Moro di Venezia-IACC5,0.37908301,19.86707084
Il Moro di Venezia,Il Moro di Venezia-IACC5,0.492807912,63.15408534
Il Moro di Venezia,Il Moro di Venezia-IACC5,0.644441116,104.6789366
Il Moro di Venezia,Il Moro di Venezia-IACC6,0.192433858,2.516309177
Il Moro di Venezia,Il Moro di Venezia-IACC6,0.23092063,3.926567704
Il Moro di Venezia,Il Moro di Venezia-IACC6,0.269407402,5.754723367
Il Moro di Venezia,Il Moro di Venezia-IACC6,0.307894173,8.345155053
Il Moro di Venezia,Il Moro di Venezia-IACC6,0.346380945,11.73824451
Il Moro di Venezia,Il Moro di Venezia-IACC6,0.384867717,18.31302653
Il Moro di Venezia,Il Moro di Venezia-IACC6,0.500328032,57.42218441
Il Moro di Venezia,Il Moro di Venezia-IACC6,0.654275118,95.99054204
Il Moro di Venezia,Il Moro di Venezia-IACC7,0.189491034,2.559960005
Il Moro di Venezia,Il Moro di Venezia-IACC7,0.227389241,3.753128865
Il Moro di Venezia,Il Moro di Venezia-IACC7,0.265287448,5.614674892
Il Moro di Venezia,Il Moro di Venezia-IACC7,0.303185655,8.274688712
Il Moro di Venezia,Il Moro di Venezia-IACC7,0.341083862,11.96447308
Il Moro di Venezia,Il Moro di Venezia-IACC7,0.378982069,19.26528849
Il Moro di Venezia,Il Moro di Venezia-IACC7,0.49267669,62.02937677
Il Moro di Venezia,Il Moro di Venezia-IACC9,0.227692548,3.44604464
Il Moro di Venezia,Il Moro di Venezia-IACC9,0.303590065,7.446301835
Il Moro di Venezia,Il Moro di Venezia-IACC9,0.341538823,10.9643763
Il Moro di Venezia,Il Moro di Venezia-IACC9,0.379487581,18.07160554
Il Moro di Venezia,Il Moro di Venezia-IACC9,0.493333855,58.56880184
Il Moro di Venezia,Il Moro di Venezia-IACC10,0.189693158,2.871552699
Il Moro di Venezia,Il Moro di Venezia-IACC10,0.22763179,4.327023736
Il Moro di Venezia,Il Moro di Venezia-IACC10,0.265570422,6.441748206
Il Moro di Venezia,Il Moro di Venezia-IACC10,0.303509053,9.717658684
Il Moro di Venezia,Il Moro di Venezia-IACC10,0.341447685,13.96353732
Il Moro di Venezia,Il Moro di Venezia-IACC10,0.379386317,21.44536977
Il Moro di Venezia,Il Moro di Venezia-IACC10,0.417324948,34.2893232
Il Moro di Venezia,Il Moro di Venezia-IACC10,0.493202211,65.37068777
Il Moro di Venezia,Il Moro di Venezia-IACC10,0.531140843,77.22355958
Il Moro di Venezia,Il Moro di Venezia-IACC11,0.191022919,2.288907725
Il Moro di Venezia,Il Moro di Venezia-IACC11,0.229227503,3.604786266
Il Moro di Venezia,Il Moro di Venezia-IACC11,0.267432087,5.478120812
Il Moro di Venezia,Il Moro di Venezia-IACC11,0.30563667,7.644633822
Il Moro di Venezia,Il Moro di Venezia-IACC11,0.343841254,10.47130097
Il Moro di Venezia,Il Moro di Venezia-IACC11,0.382045838,16.67283158
Il Moro di Venezia,Il Moro di Venezia-IACC11,0.496659589,53.09951972
Il Moro di Venezia,Il Moro di Venezia-IACC11,0.649477925,90.04610009
Il Moro di Venezia,Il Moro di Venezia-IACC14,0.188539693,2.363392995
Il Moro di Venezia,Il Moro di Venezia-IACC14,0.226247631,3.517582877
Il Moro di Venezia,Il Moro di Venezia-IACC14,0.26395557,5.214022994
Il Moro di Venezia,Il Moro di Venezia-IACC14,0.301663508,7.920799843
Il Moro di Venezia,Il Moro di Venezia-IACC14,0.339371447,11.13868404
Il Moro di Venezia,Il Moro di Venezia-IACC14,0.377079386,17.21381261
Il Moro di Venezia,Il Moro di Venezia-IACC14,0.414787324,28.45442639
Il Moro di Venezia,Il Moro di Venezia-IACC14,0.452495263,43.12704325
Il Moro di Venezia,Il Moro di Venezia-IACC14,0.490203201,58.60473353
Il Moro di Venezia,Il Moro di Venezia-IACC14,0.641034956,100.3572274
Il Moro di Venezia,Il Moro di Venezia-IACC15,0.187946177,2.05479887
Il Moro di Venezia,Il Moro di Venezia-IACC15,0.225535412,3.307396122
Il Moro di Venezia,Il Moro di Venezia-IACC15,0.263124648,5.031181495
Il Moro di Venezia,Il Moro di Venezia-IACC15,0.300713883,7.638410633
Il Moro di Venezia,Il Moro di Venezia-IACC15,0.338303119,10.83003059
Il Moro di Venezia,Il Moro di Venezia-IACC15,0.375892354,16.53164809
Il Moro di Venezia,Il Moro di Venezia-IACC15,0.48866006,56.54243431
Il Moro di Venezia,Il Moro di Venezia-IACC15,0.639017002,98.62444133
Il Moro di Venezia,Il Moro di Venezia-IACC16,0.18974379,2.556200996
Il Moro di Venezia,Il Moro di Venezia-IACC16,0.227692548,3.809968745
Il Moro di Venezia,Il Moro di Venezia-IACC16,0.265641306,5.559848267
Il Moro di Venezia,Il Moro di Venezia-IACC16,0.303590065,8.285320616
Il Moro di Venezia,Il Moro di Venezia-IACC16,0.341538823,11.88778247
Il Moro di Venezia,Il Moro di Venezia-IACC16,0.379487581,19.3756975
Il Moro di Venezia,Il Moro di Venezia-IACC16,0.493333855,61.93293824
Il Moro di Venezia,Il Moro di Venezia-IACC17,0.191022919,1.984037608
Il Moro di Venezia,Il Moro di Venezia-IACC17,0.229227503,3.063017556
Il Moro di Venezia,Il Moro di Venezia-IACC17,0.267432087,4.614440073
Il Moro di Venezia,Il Moro di Venezia-IACC17,0.30563667,7.143247744
Il Moro di Venezia,Il Moro di Venezia-IACC17,0.343841254,10.25169447
Il Moro di Venezia,Il Moro di Venezia-IACC17,0.382045838,16.03222729
Il Moro di Venezia,Il Moro di Venezia-IACC17,0.496659589,55.95603209
Il Moro di Venezia,Il Moro di Venezia-IACC19,0.190405719,2.08739717
Il Moro di Venezia,Il Moro di Venezia-IACC19,0.228486863,3.076357272
Il Moro di Venezia,Il Moro di Venezia-IACC19,0.266568006,4.754665167
Il Moro di Venezia,Il Moro di Venezia-IACC19,0.30464915,7.122948724
Il Moro di Venezia,Il Moro di Venezia-IACC19,0.342730294,10.00127927
Il Moro di Venezia,Il Moro di Venezia-IACC19,0.380811438,15.7853222
Il Moro di Venezia,Il Moro di Venezia-IACC19,0.495054869,55.25013458
US Sailing,US Sailing-1,0.094336559,0.334691465
US Sailing,US Sailing-1,0.104372913,0.385449867
US Sailing,US Sailing-1,0.113827263,0.47298772
US Sailing,US Sailing-1,0.123307479,0.536688682
US Sailing,US Sailing-1,0.132865296,0.613890175
US Sailing,US Sailing-1,0.142190311,0.699129882
US Sailing,US Sailing-1,0.142345512,0.700361299
US Sailing,US Sailing-1,0.151877462,0.817851689
US Sailing,US Sailing-1,0.161331812,0.899258893
US Sailing,US Sailing-1,0.170902562,1.013072662
US Sailing,US Sailing-1,0.180382779,1.117295341
US Sailing,US Sailing-1,0.189513792,1.256904545
US Sailing,US Sailing-1,0.213686403,1.643617179
US Sailing,US Sailing-1,0.23735461,2.126523252
US Sailing,US Sailing-1,0.261061618,2.789851041
US Sailing,US Sailing-1,0.285001427,3.709430136
US Sailing,US Sailing-1,0.308346298,4.58247145
US Sailing,US Sailing-1,0.332402509,6.517531646
US Sailing,US Sailing-1,0.356264718,10.75204254
US Sailing,US Sailing-1,0.379971725,18.33858743
US Sailing,US Sailing-1,0.4037434,28.93027328
US Sailing,US Sailing-1,0.427657342,42.55973391
US Sailing,US Sailing-1,0.451351416,57.48149384
US Sailing,US Sailing-1,0.475136025,71.62118413
US Sailing,US Sailing-1,0.4989465,82.91088785
US Sailing,US Sailing-2,0.085109564,0.375960336
US Sailing,US Sailing-2,0.0937052,0.451698265
US Sailing,US Sailing-2,0.102266037,0.529124392
US Sailing,US Sailing-2,0.110710873,0.608916945
US Sailing,US Sailing-2,0.11935291,0.694617335
US Sailing,US Sailing-2,0.127913747,0.792315089
US Sailing,US Sailing-2,0.136555784,0.910360764
US Sailing,US Sailing-2,0.144965819,1.02754531
US Sailing,US Sailing-2,0.153596256,1.133782115
US Sailing,US Sailing-2,0.162041092,1.282850981
US Sailing,US Sailing-2,0.170590329,1.407493345
US Sailing,US Sailing-2,0.192050421,1.827553122
US Sailing,US Sailing-2,0.213255311,2.391460936
US Sailing,US Sailing-2,0.234761803,3.064715731
US Sailing,US Sailing-2,0.256105894,4.086233717
US Sailing,US Sailing-2,0.277426785,5.178561131
US Sailing,US Sailing-2,0.298747677,7.174171743
US Sailing,US Sailing-2,0.320207768,11.19187101
US Sailing,US Sailing-2,0.34158666,18.30046926
US Sailing,US Sailing-2,0.362930751,28.24204435
US Sailing,US Sailing-2,0.384437243,41.63466335
US Sailing,US Sailing-2,0.405676934,56.99029935
US Sailing,US Sailing-3,0.094620349,0.404888031
US Sailing,US Sailing-3,0.104362586,0.489757482
US Sailing,US Sailing-3,0.114078879,0.546796383
US Sailing,US Sailing-3,0.123652476,0.654542813
US Sailing,US Sailing-3,0.132888792,0.742350609
US Sailing,US Sailing-3,0.14263103,0.849326005
US Sailing,US Sailing-3,0.152373268,0.973828495
US Sailing,US Sailing-3,0.161453915,1.074078125
US Sailing,US Sailing-3,0.171118319,1.20817005
US Sailing,US Sailing-3,0.18082164,1.372627468
US Sailing,US Sailing-3,0.1900839,1.519725123
US Sailing,US Sailing-3,0.213927087,1.991021839
US Sailing,US Sailing-3,0.237887024,2.575894987
US Sailing,US Sailing-3,0.261846961,3.405600616
US Sailing,US Sailing-3,0.285767982,4.487079603
US Sailing,US Sailing-3,0.309221998,5.885892798
US Sailing,US Sailing-3,0.333143018,7.959387982
US Sailing,US Sailing-3,0.357115928,11.95610096
US Sailing,US Sailing-3,0.381062893,19.15437549
US Sailing,US Sailing-3,0.404685549,28.72838129
US Sailing,US Sailing-3,0.428645487,42.49667311
US Sailing,US Sailing-3,0.452410839,58.24676689
US Sailing,US Sailing-4,0.101921433,0.780630069
US Sailing,US Sailing-4,0.127024015,1.125624828
US Sailing,US Sailing-4,0.152712802,1.633701402
US Sailing,US Sailing-4,0.178115,2.130431413
US Sailing,US Sailing-4,0.203751679,2.853634095
US Sailing,US Sailing-4,0.229114796,3.65256277
US Sailing,US Sailing-4,0.254477914,4.689783497
US Sailing,US Sailing-4,0.280075513,6.010772717
US Sailing,US Sailing-4,0.305451657,7.818747342
US Sailing,US Sailing-4,0.330932016,9.641724931
US Sailing,US Sailing-4,0.356360267,12.59990956
US Sailing,US Sailing-4,0.381918786,18.01185064
US Sailing,US Sailing-4,0.407281903,26.53021336
US Sailing,US Sailing-4,0.432931609,38.40921886
US Sailing,US Sailing-4,0.458255646,51.84360964
US Sailing,US Sailing-4,0.48399654,66.19378497
US Sailing,US Sailing-4,0.509177283,78.74852481
US Sailing,US Sailing-4,0.560164053,99.20509866
US Sailing,US Sailing-4,0.61112477,115.745905
US Sailing,US Sailing-5,0.101662514,0.851741686
US Sailing,US Sailing-5,0.126478287,1.246983365
US Sailing,US Sailing-5,0.152532892,1.784616292
US Sailing,US Sailing-5,0.177648592,2.376079438
US Sailing,US Sailing-5,0.203585835,3.144118329
US Sailing,US Sailing-5,0.229040584,4.088141417
US Sailing,US Sailing-5,0.254443172,5.249633591
US Sailing,US Sailing-5,0.280015285,6.710972491
US Sailing,US Sailing-5,0.305391792,8.666009529
US Sailing,US Sailing-5,0.328720966,10.71666166
US Sailing,US Sailing-5,0.356366493,14.00268573
US Sailing,US Sailing-5,0.381977727,19.38200319
US Sailing,US Sailing-5,0.407132548,28.16484596
US Sailing,US Sailing-5,0.43305675,39.72813127
US Sailing,US Sailing-5,0.458224612,53.73211382
US Sailing,US Sailing-5,0.483679361,68.44747937
US Sailing,US Sailing-5,0.509212353,81.6849589
US Sailing,US Sailing-5,0.560174013,103.1008754
US Sailing,US Sailing-5,0.611148714,121.5541287
US Sailing,US Sailing-6,0.101459495,0.927387141
US Sailing,US Sailing-6,0.126889541,1.402724785
US Sailing,US Sailing-6,0.152319587,1.961593357
US Sailing,US Sailing-6,0.177671426,2.688691478
US Sailing,US Sailing-6,0.203349125,3.505209108
US Sailing,US Sailing-6,0.228779171,4.572014473
US Sailing,US Sailing-6,0.254183148,5.892813102
US Sailing,US Sailing-6,0.279730503,7.580687391
US Sailing,US Sailing-6,0.30513448,9.579886538
US Sailing,US Sailing-6,0.328413855,11.87172829
US Sailing,US Sailing-6,0.328479027,11.81607019
US Sailing,US Sailing-6,0.356072777,15.38261816
US Sailing,US Sailing-6,0.381620132,20.91451937
US Sailing,US Sailing-6,0.407011075,29.66137742
US Sailing,US Sailing-6,0.432662705,41.03155666
US Sailing,US Sailing-6,0.458066682,53.58115793
US Sailing,US Sailing-6,0.483483693,68.01738277
US Sailing,US Sailing-6,0.509004979,82.06283903
US Sailing,US Sailing-6,0.559969345,105.0766538
US Sailing,US Sailing-6,0.610907643,124.6038477
US Sailing,US Sailing-7,0.107756814,1.422310388
US Sailing,US Sailing-7,0.118486641,1.628742649
US Sailing,US Sailing-7,0.128967547,1.910961493
US Sailing,US Sailing-7,0.134050786,2.024759738
US Sailing,US Sailing-7,0.140941982,2.262855795
US Sailing,US Sailing-7,0.151671809,2.570402772
US Sailing,US Sailing-7,0.161785883,2.96515982
US Sailing,US Sailing-7,0.172777733,3.385176151
US Sailing,US Sailing-7,0.182629785,3.699829406
US Sailing,US Sailing-7,0.18847289,3.994312649
US Sailing,US Sailing-7,0.195206872,4.249264152
US Sailing,US Sailing-7,0.205072025,4.725943406
US Sailing,US Sailing-7,0.215395717,5.227554817
US Sailing,US Sailing-7,0.242410252,6.63287229
US Sailing,US Sailing-7,0.269372382,8.443111304
US Sailing,US Sailing-7,0.296229703,10.76519762
US Sailing,US Sailing-7,0.323139429,13.31062531
US Sailing,US Sailing-7,0.350062256,16.21890482
US Sailing,US Sailing-7,0.377351915,20.26786806
US Sailing,US Sailing-7,0.404117528,27.04647823
US Sailing,US Sailing-7,0.431053456,36.67711106
US Sailing,US Sailing-7,0.458067991,48.82441908
US Sailing,US Sailing-7,0.484768099,62.01635352
US Sailing,US Sailing-7,0.511782634,74.34655356
US Sailing,US Sailing-7,0.538456539,85.57416437
US Sailing,US Sailing-7,0.592328395,104.1253244
US Sailing,US Sailing-7,0.646305061,119.2492774
US Sailing,US Sailing-8,0.108037995,1.371485011
US Sailing,US Sailing-8,0.119160905,1.659333607
US Sailing,US Sailing-8,0.129023131,2.114471866
US Sailing,US Sailing-8,0.134998248,2.253670162
US Sailing,US Sailing-8,0.140933968,2.441480386
US Sailing,US Sailing-8,0.151439669,2.592215918
US Sailing,US Sailing-8,0.161984765,3.205057358
US Sailing,US Sailing-8,0.172083369,3.605089365
US Sailing,US Sailing-8,0.183862886,3.987213929
US Sailing,US Sailing-8,0.189063207,4.304625162
US Sailing,US Sailing-8,0.19414534,4.547295818
US Sailing,US Sailing-8,0.194552436,4.297249652
US Sailing,US Sailing-8,0.204335869,5.107764072
US Sailing,US Sailing-8,0.21620731,5.373733851
US Sailing,US Sailing-8,0.243154431,7.345299442
US Sailing,US Sailing-8,0.270364195,9.293839493
US Sailing,US Sailing-8,0.297350712,11.70093788
US Sailing,US Sailing-8,0.326937391,14.93213867
US Sailing,US Sailing-8,0.35115303,17.61953691
US Sailing,US Sailing-8,0.378494114,22.04652802
US Sailing,US Sailing-8,0.40553316,28.80986275
US Sailing,US Sailing-8,0.432178242,38.75148115
US Sailing,US Sailing-8,0.459256685,50.93697582
US Sailing,US Sailing-8,0.486164409,64.10631842
US Sailing,US Sailing-8,0.513321644,76.69254136
US Sailing,US Sailing-8,0.54029503,89.03875209
US Sailing,US Sailing-8,0.594268064,108.9075213
US Sailing,US Sailing-8,0.648464345,125.5987672
US Sailing,US Sailing-9,0.108086657,1.673376753
US Sailing,US Sailing-9,0.119610457,2.034327674
US Sailing,US Sailing-9,0.129514339,2.338234623
US Sailing,US Sailing-9,0.135875477,2.531847921
US Sailing,US Sailing-9,0.152166837,3.144008746
US Sailing,US Sailing-9,0.162465822,3.583696823
US Sailing,US Sailing-9,0.17359452,4.059206515
US Sailing,US Sailing-9,0.184446647,4.539509253
US Sailing,US Sailing-9,0.190320492,4.85083149
US Sailing,US Sailing-9,0.195246093,5.088056272
US Sailing,US Sailing-9,0.20603237,5.68455183
US Sailing,US Sailing-9,0.216660606,6.30773585
US Sailing,US Sailing-9,0.243856773,8.191808042
US Sailing,US Sailing-9,0.271303172,10.31090454
US Sailing,US Sailing-9,0.298025217,12.99451335
US Sailing,US Sailing-9,0.325313575,16.07860739
US Sailing,US Sailing-9,0.352404382,19.59326992
US Sailing,US Sailing-9,0.379495189,24.17563194
US Sailing,US Sailing-9,0.406520146,31.41746695
US Sailing,US Sailing-9,0.433848014,41.43820067
US Sailing,US Sailing-9,0.461096862,53.69181173
US Sailing,US Sailing-9,0.487950608,67.25569353
US Sailing,US Sailing-9,0.515067755,80.78983187
US Sailing,US Sailing-9,0.542013691,93.81385178
US Sailing,US Sailing-9,0.596103115,115.5991182
US Sailing,US Sailing-9,0.650363749,134.8115059
